event-date,local-plan,notes,description,local-plan-event,entry-date,start-date,end-date,organisation,name,reference
2024-03-21,bury-metropolitan-borough-council-local-plan-2018,,,plan-adopted,2024-12-10,,,local-authority:BUR,,bury-metropolitan-borough-council-local-plan-2018-plan-adopted
2017-07-20,burnley-borough-council-local-plan-2012,,,submit-plan-for-examination,2024-12-10,,,local-authority:BUN,,burnley-borough-council-local-plan-2012-submit-plan-for-examination
2017-04,burnley-borough-council-local-plan-2012,,,reg-19-public-consultation-start,2024-12-10,,,local-authority:BUN,,burnley-borough-council-local-plan-2012-reg-19-public-consultation-start
2017-05,burnley-borough-council-local-plan-2012,,,reg-19-public-consultation-end,2024-12-10,,,local-authority:BUN,,burnley-borough-council-local-plan-2012-reg-19-public-consultation-end
2026-03,broxtowe-borough-council-local-plan-2022,,,estimated-plan-adoption-date,2024-12-10,,,local-authority:BRT,,broxtowe-borough-council-local-plan-2022-estimated-plan-adoption-date
2025-05,broads-authority-local-plan-2021,,,estimated-submit-plan-for-examination,2024-12-10,,,national-park-authority:Q4972284,,broads-authority-local-plan-2021-estimated-submit-plan-for-examination
2026-03,bristol-city-council-local-plan-2022,,,estimated-plan-adoption-date,2024-12-10,,,local-authority:BST,,bristol-city-council-local-plan-2022-estimated-plan-adoption-date
2019-01-14,london-borough-of-islington-local-plan-2020,,,reg-18-public-consultation-end,2024-11-11,,,local-authority:ISL,,london-borough-of-islington-local-plan-2020-reg-18-public-consultation-end
2015-10-15,east-staffordshire-borough-council-local-plan-2012,,,plan-adopted,2024-12-06,,,local-authority:EST,,east-staffordshire-borough-council-local-plan-2012-plan-adopted
2019-02-04,blaby-district-council-local-plan-2019,,,plan-adopted,2024-12-06,,,local-authority:BLA,,blaby-district-council-local-plan-2019-plan-adopted
2024-01-25,blackburn-with-darwen-borough-council-local-plan-2021,,,plan-adopted,2024-12-06,,,local-authority:BBD,,blackburn-with-darwen-borough-council-local-plan-2021-plan-adopted
2022-02-25,bolsover-district-council-local-plan-2014,,,plan-adopted,2024-12-06,,,local-authority:BOS,,bolsover-district-council-local-plan-2014-plan-adopted
2011-03-02,bolton-metropolitan-borough-council-local-plan-2008,,,plan-adopted,2024-12-06,,,local-authority:BOL,,bolton-metropolitan-borough-council-local-plan-2008-plan-adopted
2022-07-25,braintree-district-council-local-plan-2014,,,plan-adopted,2024-12-06,,,local-authority:BRA,,braintree-district-council-local-plan-2014-plan-adopted
2023-09-21,breckland-district-council-local-plan-2043,,,plan-adopted,2024-12-06,,,local-authority:BRE,,breckland-district-council-local-plan-2043-plan-adopted
2022-03-23,brentwood-borough-council-local-plan-2016,,,plan-adopted,2024-12-06,,,local-authority:BRW,,brentwood-borough-council-local-plan-2016-plan-adopted
2020-06-23,broxbourne-borough-council-local-plan-2018,,,plan-adopted,2024-12-06,,,local-authority:BRX,,broxbourne-borough-council-local-plan-2018-plan-adopted
2020-05-27,chelmsford-city-council-local-plan-2013,,,plan-adopted,2024-12-06,,,local-authority:CHL,,chelmsford-city-council-local-plan-2013-plan-adopted
2015-01-15,city-of-london-corporation-local-plan-2015,,,plan-adopted,2024-12-06,,,local-authority:LND,,city-of-london-corporation-local-plan-2015-plan-adopted
2021-04-21,city-of-westminster-local-plan-2019,,,plan-adopted,2024-12-06,,,local-authority:WSM,,city-of-westminster-local-plan-2019-plan-adopted
2024-06,breckland-district-council-local-plan-2046,,,reg-18-draft-local-plan-published,2024-12-18,,,local-authority:BRE,,breckland-district-council-local-plan-2046-reg-18-draft-local-plan-published
2026-10,breckland-district-council-local-plan-2046,,,estimated-plan-adoption-date,2024-12-18,,,local-authority:BRE,,breckland-district-council-local-plan-2046-estimated-plan-adoption-date
2014-05-21,city-of-london-corporation-local-plan-2015,,,submit-plan-for-examination,2025-02-03,,,local-authority:LND,,city-of-london-corporation-local-plan-2015-submit-plan-for-examination
2024-11-28,city-of-westminster-local-plan-2022,,,submit-plan-for-examination,2025-03-18,,,local-authority:WSM,,city-of-westminster-local-plan-2022-submit-plan-for-examination
2024-07-26,horsham-district-council-local-plan-2011,,,planning-inspectorate-examination-start,2025-03-18,,,local-authority:HOR,,horsham-district-council-local-plan-2011-planning-inspectorate-examination-start
2025-02-27,city-of-york-council-local-plan-2017,,,plan-adopted,2025-03-18,,,local-authority:YOR,,city-of-york-council-local-plan-2017-plan-adopted
2024-04-18,city-of-london-corporation-local-plan-2026,,,reg-19-publication-local-plan-published,2025-03-20,,,local-authority:LND,,city-of-london-corporation-local-plan-2026-reg-19-publication-local-plan-published
2024-02-14,bury-metropolitan-borough-council-local-plan-2018,,,inspector-report-published,2024-12-10,,,local-authority:BUR,,bury-metropolitan-borough-council-local-plan-2018-inspector-report-published
2018-07-09,burnley-borough-council-local-plan-2012,,,inspector-report-published,2024-12-10,,,local-authority:BUN,,burnley-borough-council-local-plan-2012-inspector-report-published
2016-07,burnley-borough-council-local-plan-2012,,,reg-18-public-consultation-end,2024-12-10,,,local-authority:BUN,,burnley-borough-council-local-plan-2012-reg-18-public-consultation-end
2024-12,broxtowe-borough-council-local-plan-2022,,,estimated-submit-plan-for-examination,2024-12-10,,,local-authority:BRT,,broxtowe-borough-council-local-plan-2022-estimated-submit-plan-for-examination
2026-12,broads-authority-local-plan-2021,,,estimated-plan-adoption-date,2024-12-10,,,national-park-authority:Q4972284,,broads-authority-local-plan-2021-estimated-plan-adoption-date
2024-04-25,bristol-city-council-local-plan-2022,,,submit-plan-for-examination,2024-12-10,,,local-authority:BST,,bristol-city-council-local-plan-2022-submit-plan-for-examination
2011-07-20,elmbridge-borough-council-local-plan-2011,,,plan-adopted,2024-12-06,,,local-authority:ELM,,elmbridge-borough-council-local-plan-2011-plan-adopted
2024-09,city-of-london-corporation-local-plan-2026,From LDS,,estimated-submit-plan-for-examination,2025-02-03,,,local-authority:LND,,city-of-london-corporation-local-plan-2026-estimated-submit-plan-for-examination
2024-04-18,city-of-london-corporation-local-plan-2026,,,reg-19-public-consultation-start,2025-03-20,,,local-authority:LND,,city-of-london-corporation-local-plan-2026-reg-19-public-consultation-start
2026-03-01,city-of-london-corporation-local-plan-2026,,,estimated-plan-adoption-date,2025-03-20,,,local-authority:LND,,city-of-london-corporation-local-plan-2026-estimated-plan-adoption-date
2017-07,burnley-borough-council-local-plan-2012,,,planning-inspectorate-examination-start,2024-12-10,,,local-authority:BUN,,burnley-borough-council-local-plan-2012-planning-inspectorate-examination-start
2018-07,burnley-borough-council-local-plan-2012,,,planning-inspectorate-examination-end,2024-12-10,,,local-authority:BUN,,burnley-borough-council-local-plan-2012-planning-inspectorate-examination-end
2023-11-21,bristol-city-council-local-plan-2022,,,reg-19-publication-local-plan-published,2024-12-10,,,local-authority:BST,,bristol-city-council-local-plan-2022-reg-19-publication-local-plan-published
2020-09-08,mansfield-district-council-local-plan-2013,,,plan-adopted,2024-12-06,,,local-authority:MAS,,mansfield-district-council-local-plan-2013-plan-adopted
2018-10-23,east-hertfordshire-district-council-local-plan-2011,,,plan-adopted,2024-12-06,,,local-authority:EHE,,east-hertfordshire-district-council-local-plan-2011-plan-adopted
2021-07-22,central-bedfordshire-council-local-plan-2015,,,plan-adopted,2024-12-06,,,local-authority:CBF,,central-bedfordshire-council-local-plan-2015-plan-adopted
2021-09-22,london-borough-of-lambeth-local-plan-2020,,,plan-adopted,2024-12-06,,,local-authority:LBH,,london-borough-of-lambeth-local-plan-2020-plan-adopted
2020-01-15,bedford-borough-council-local-plan-2030,,,plan-adopted,2024-12-06,,,local-authority:BDF,,bedford-borough-council-local-plan-2030-plan-adopted
2023-08-10,elmbridge-borough-council-local-plan-2022,Documents submitted listed here https://www.elmbridge.gov.uk/local-plan-examination/submission-documents,,submit-plan-for-examination,2025-02-03,,,local-authority:ELM,,elmbridge-borough-council-local-plan-2022-submit-plan-for-examination
2017-11-07,luton-borough-council-local-plan-2011,,,plan-adopted,2024-12-06,,,local-authority:LUT,,luton-borough-council-local-plan-2011-plan-adopted
2024-06-17,city-of-london-corporation-local-plan-2026,,,reg-19-public-consultation-end,2025-03-20,,,local-authority:LND,,city-of-london-corporation-local-plan-2026-reg-19-public-consultation-end
2016-07,burnley-borough-council-local-plan-2012,,,reg-18-public-consultation-start,2024-12-10,,,local-authority:BUN,,burnley-borough-council-local-plan-2012-reg-18-public-consultation-start
2024-03-28,norwich-city-council-local-plan-2018,,,plan-adopted,2024-12-06,,,local-authority:NOW,,norwich-city-council-local-plan-2018-plan-adopted
2024-08-29,city-of-london-corporation-local-plan-2026,,,submit-plan-for-examination,2025-03-20,,,local-authority:LND,,city-of-london-corporation-local-plan-2026-submit-plan-for-examination
2018-03-15,london-borough-of-redbridge-local-plan-2015,,,plan-adopted,2024-12-06,,,local-authority:RDB,,london-borough-of-redbridge-local-plan-2015-plan-adopted
2014-09-17,broxtowe-borough-council-local-plan-2014,,,plan-adopted,2024-12-06,,,local-authority:BRT,,broxtowe-borough-council-local-plan-2014-plan-adopted
2019-03-20,east-suffolk-council-local-plan,,,plan-adopted,2024-12-06,,,local-authority:ESK,,east-suffolk-council-local-plan-plan-adopted
2019-08-16,broxtowe-borough-council-local-plan-2018,,,plan-adopted,2024-12-06,,,local-authority:BRT,,broxtowe-borough-council-local-plan-2018-plan-adopted
2020-12-10,harlow-district-council-local-plan-2011,,,plan-adopted,2024-12-06,,,local-authority:HAR,,harlow-district-council-local-plan-2011-plan-adopted
2023-09-28,london-borough-of-islington-local-plan-2020,,,plan-adopted,2024-12-06,,,local-authority:ISL,,london-borough-of-islington-local-plan-2020-plan-adopted
2017-07-03,london-borough-of-camden-local-plan-2016,,,plan-adopted,2024-12-06,,,local-authority:CMD,,london-borough-of-camden-local-plan-2016-plan-adopted
2019-02-27,kirklees-council-local-plan-2013,,,plan-adopted,2024-12-06,,,local-authority:KIR,,kirklees-council-local-plan-2013-plan-adopted
2023-10-12,welwyn-hatfield-borough-council-local-plan-2016,,,plan-adopted,2024-12-06,,,local-authority:WEW,,welwyn-hatfield-borough-council-local-plan-2016-plan-adopted
2016-12-01,vale-of-white-horse-district-council-local-plan-2011,,,plan-adopted,2024-12-06,,,local-authority:VAL,,vale-of-white-horse-district-council-local-plan-2011-plan-adopted
2015-01-28,thurrock-council-local-plan-2015,,,plan-adopted,2024-12-06,,,local-authority:THR,,thurrock-council-local-plan-2015-plan-adopted
2020-09-09,staffordshire-moorlands-district-council-local-plan-2014,,,plan-adopted,2024-12-06,,,local-authority:STF,,staffordshire-moorlands-district-council-local-plan-2014-plan-adopted
2022-02-17,darlington-borough-council-local-plan-2016,,,plan-adopted,2024-12-06,,,local-authority:DAL,,darlington-borough-council-local-plan-2016-plan-adopted
2018-09-27,south-cambridgeshire-district-council-local-plan-2018,,,plan-adopted,2024-12-06,,,local-authority:SCA,,south-cambridgeshire-district-council-local-plan-2018-plan-adopted
2018-07-18,east-lindsey-district-council-local-plan-2016,,,plan-adopted,2024-12-06,,,local-authority:ELI,,east-lindsey-district-council-local-plan-2016-plan-adopted
2017-12-14,adur-district-council-local-plan-2011,,,plan-adopted,2024-12-06,,,local-authority:ADU,,adur-district-council-local-plan-2011-plan-adopted
2024-03-19,bracknell-forest-council-local-plan-2020,,,plan-adopted,2024-12-06,,,local-authority:BRC,,bracknell-forest-council-local-plan-2020-plan-adopted
2022-04-25,eastleigh-borough-council-local-plan-2016,,,plan-adopted,2024-12-06,,,local-authority:EAT,,eastleigh-borough-council-local-plan-2016-plan-adopted
2013-11-13,city-of-westminster-local-plan-2016,,,plan-adopted,2024-12-06,,,local-authority:WSM,,city-of-westminster-local-plan-2016-plan-adopted
2020-04-30,hart-district-council-local-plan-2014,,,plan-adopted,2024-12-06,,,local-authority:HAT,,hart-district-council-local-plan-2014-plan-adopted
2019-05-15,huntingdonshire-district-council-local-plan-2011,,,plan-adopted,2024-12-06,,,local-authority:HUN,,huntingdonshire-district-council-local-plan-2011-plan-adopted
2023-04-13,lincolnshire-county-council-local-plan-2023,,,plan-adopted,2024-12-06,,,local-authority:LIN,,lincolnshire-county-council-local-plan-2023-plan-adopted
2021-09-23,doncaster-metropolitan-borough-council-local-plan-2018,,,plan-adopted,2024-12-06,,,local-authority:DNC,,doncaster-metropolitan-borough-council-local-plan-2018-plan-adopted
2018-05-22,hartlepool-borough-council-local-plan-2016,,,plan-adopted,2024-12-06,,,local-authority:HPL,,hartlepool-borough-council-local-plan-2016-plan-adopted
2019-03-08,boston-borough-council-local-plan-2011,,,plan-adopted,2024-12-06,,,local-authority:BOT,,boston-borough-council-local-plan-2011-plan-adopted
2016-01-20,blackpool-borough-council-local-plan-2012,,,plan-adopted,2024-12-06,,,local-authority:BPL,,blackpool-borough-council-local-plan-2012-plan-adopted
2016-03-24,brighton-and-hove-city-council-local-plan,,,plan-adopted,2024-12-06,,,local-authority:BNH,,brighton-and-hove-city-council-local-plan-plan-adopted
2017-01-25,bromsgrove-district-council-local-plan-2011,,,plan-adopted,2024-12-06,,,local-authority:BRM,,bromsgrove-district-council-local-plan-2011-plan-adopted
2011-06-21,bristol-city-council-local-plan-2006,,,plan-adopted,2024-12-06,,,local-authority:BST,,bristol-city-council-local-plan-2006-plan-adopted
2018-07-31,burnley-borough-council-local-plan-2012,,,plan-adopted,2024-12-06,,,local-authority:BUN,,burnley-borough-council-local-plan-2012-plan-adopted
2024-01-24,wakefield-metropolitan-district-council-local-plan-2017,,,plan-adopted,2024-12-06,,,local-authority:WKF,,wakefield-metropolitan-district-council-local-plan-2017-plan-adopted
2015-10-16,herefordshire-council-local-plan-2021,,,plan-adopted,2024-12-06,,,local-authority:HEF,,herefordshire-council-local-plan-2021-plan-adopted
2023-03-06,epping-forest-district-council-local-plan-2011,,,plan-adopted,2024-12-06,,,local-authority:EPP,,epping-forest-district-council-local-plan-2011-plan-adopted
2020-10-21,durham-county-council-local-plan-2035,,,plan-adopted,2024-12-06,,,local-authority:DUR,,durham-county-council-local-plan-2035-plan-adopted
2024-08-29,city-of-london-corporation-local-plan-2026,,,planning-inspectorate-examination-start,2025-03-20,,,local-authority:LND,,city-of-london-corporation-local-plan-2026-planning-inspectorate-examination-start
2023-10-19,east-cambridgeshire-district-council-local-plan-2022,,,plan-adopted,2024-12-06,,,local-authority:ECA,,east-cambridgeshire-district-council-local-plan-2022-plan-adopted
1998,basildon-borough-council-local-plan,,,plan-adopted,2024-12-06,,,local-authority:BAI,,basildon-borough-council-local-plan-plan-adopted
2014-06-11,cannock-chase-district-council-local-plan-2006,,,plan-adopted,2024-12-06,,,local-authority:CAN,,cannock-chase-district-council-local-plan-2006-plan-adopted
2026,london-borough-of-camden-local-plan-2026,,,estimated-plan-adoption-date,2024-11-11,,,local-authority:CMD,,london-borough-of-camden-local-plan-2026-estimated-plan-adoption-date
2017-05,london-borough-of-camden-local-plan-2016,,,planning-inspectorate-examination-end,2024-11-11,,,local-authority:CMD,,london-borough-of-camden-local-plan-2016-planning-inspectorate-examination-end
2017-05,london-borough-of-camden-local-plan-2016,,,inspector-report-published,2024-11-11,,,local-authority:CMD,,london-borough-of-camden-local-plan-2016-inspector-report-published
2016-06,london-borough-of-camden-local-plan-2016,,,planning-inspectorate-examination-start,2024-11-11,,,local-authority:CMD,,london-borough-of-camden-local-plan-2016-planning-inspectorate-examination-start
2020,london-borough-of-camden-local-plan-2026,,,reg-18-public-consultation-start,2024-11-11,,,local-authority:CMD,,london-borough-of-camden-local-plan-2026-reg-18-public-consultation-start
2015-01-30,arun-district-council-local-plan-2011,,,submit-plan-for-examination,2024-11-11,,,local-authority:ARU,,arun-district-council-local-plan-2011-submit-plan-for-examination
2015-06-02,arun-district-council-local-plan-2011,,,planning-inspectorate-examination-start,2024-11-11,,,local-authority:ARU,,arun-district-council-local-plan-2011-planning-inspectorate-examination-start
2017-09-28,arun-district-council-local-plan-2011,,,planning-inspectorate-examination-end,2024-11-11,,,local-authority:ARU,,arun-district-council-local-plan-2011-planning-inspectorate-examination-end
2018-07,arun-district-council-local-plan-2011,,,inspector-report-published,2024-11-11,,,local-authority:ARU,,arun-district-council-local-plan-2011-inspector-report-published
2017-12-21,ashford-borough-council-local-plan-2019,,,submit-plan-for-examination,2024-11-11,,,local-authority:ASF,,ashford-borough-council-local-plan-2019-submit-plan-for-examination
2018-04-11,ashford-borough-council-local-plan-2019,,,planning-inspectorate-examination-start,2024-11-11,,,local-authority:ASF,,ashford-borough-council-local-plan-2019-planning-inspectorate-examination-start
2018-06-13,ashford-borough-council-local-plan-2019,,,planning-inspectorate-examination-end,2024-11-11,,,local-authority:ASF,,ashford-borough-council-local-plan-2019-planning-inspectorate-examination-end
2019-02-21,ashford-borough-council-local-plan-2019,,,plan-adopted,2024-11-11,,,local-authority:ASF,,ashford-borough-council-local-plan-2019-plan-adopted
2019-01-02,ashford-borough-council-local-plan-2019,,,inspector-report-published,2024-11-11,,,local-authority:ASF,,ashford-borough-council-local-plan-2019-inspector-report-published
2025-04,ashford-borough-council-local-plan-2024,,,estimated-reg-18-draft-local-plan-published,2024-11-11,,,local-authority:ASF,,ashford-borough-council-local-plan-2024-estimated-reg-18-draft-local-plan-published
2026-02,ashford-borough-council-local-plan-2024,,,estimated-reg-19-publication-local-plan-published,2024-11-11,,,local-authority:ASF,,ashford-borough-council-local-plan-2024-estimated-reg-19-publication-local-plan-published
2026-09,ashford-borough-council-local-plan-2024,,,estimated-submit-plan-for-examination,2024-11-11,,,local-authority:ASF,,ashford-borough-council-local-plan-2024-estimated-submit-plan-for-examination
2027-05-01,ashford-borough-council-local-plan-2024,,,estimated-plan-adoption-date,2024-11-11,,,local-authority:ASF,,ashford-borough-council-local-plan-2024-estimated-plan-adoption-date
2016-06-24,london-borough-of-camden-local-plan-2016,,,submit-plan-for-examination,2024-11-11,,,local-authority:CMD,,london-borough-of-camden-local-plan-2016-submit-plan-for-examination
2017-05-10,london-borough-of-camden-local-plan-2016,,,planning-inspectorate-found-sound,2024-11-11,,,local-authority:CMD,,london-borough-of-camden-local-plan-2016-planning-inspectorate-found-sound
2023-12,london-borough-of-camden-local-plan-2026,,,timetable-published,2024-11-11,,,local-authority:CMD,,london-borough-of-camden-local-plan-2026-timetable-published
2024,london-borough-of-camden-local-plan-2026,,,estimated-reg-19-public-consultation-start,2024-11-11,,,local-authority:CMD,,london-borough-of-camden-local-plan-2026-estimated-reg-19-public-consultation-start
2025,london-borough-of-camden-local-plan-2026,,,estimated-reg-19-public-consultation-end,2024-11-11,,,local-authority:CMD,,london-borough-of-camden-local-plan-2026-estimated-reg-19-public-consultation-end
2025,london-borough-of-camden-local-plan-2026,,,estimated-submit-plan-for-examination,2024-11-11,,,local-authority:CMD,,london-borough-of-camden-local-plan-2026-estimated-submit-plan-for-examination
2022,london-borough-of-camden-local-plan-2026,,,reg-18-public-consultation-end,2024-11-11,,,local-authority:CMD,,london-borough-of-camden-local-plan-2026-reg-18-public-consultation-end
2024-01-17,london-borough-of-camden-local-plan-2026,,,reg-18-public-consultation-start,2024-11-11,,,local-authority:CMD,,london-borough-of-camden-local-plan-2026-reg-18-public-consultation-start
2024-03-13,london-borough-of-camden-local-plan-2026,,,reg-18-public-consultation-end,2024-11-11,,,local-authority:CMD,,london-borough-of-camden-local-plan-2026-reg-18-public-consultation-end
2024-05,london-borough-of-ealing-local-plan-2024,,,estimated-submit-plan-for-examination,2024-11-11,,,local-authority:EAL,,london-borough-of-ealing-local-plan-2024-estimated-submit-plan-for-examination
2024-12,london-borough-of-ealing-local-plan-2024,,,estimated-plan-adoption-date,2024-11-11,,,local-authority:EAL,,london-borough-of-ealing-local-plan-2024-estimated-plan-adoption-date
2022-11-30,london-borough-of-ealing-local-plan-2024,,,reg-18-draft-local-plan-published,2024-11-11,,,local-authority:EAL,,london-borough-of-ealing-local-plan-2024-reg-18-draft-local-plan-published
2022-11-30,london-borough-of-ealing-local-plan-2024,,,reg-18-public-consultation-start,2024-11-11,,,local-authority:EAL,,london-borough-of-ealing-local-plan-2024-reg-18-public-consultation-start
2023-02-08,london-borough-of-ealing-local-plan-2024,,,reg-18-public-consultation-end,2024-11-11,,,local-authority:EAL,,london-borough-of-ealing-local-plan-2024-reg-18-public-consultation-end
2024-02-28,london-borough-of-ealing-local-plan-2024,,,reg-19-publication-local-plan-published,2024-11-11,,,local-authority:EAL,,london-borough-of-ealing-local-plan-2024-reg-19-publication-local-plan-published
2024-02-28,london-borough-of-ealing-local-plan-2024,,,reg-19-public-consultation-start,2024-11-11,,,local-authority:EAL,,london-borough-of-ealing-local-plan-2024-reg-19-public-consultation-start
2024-04-10,london-borough-of-ealing-local-plan-2024,,,reg-19-public-consultation-end,2024-11-11,,,local-authority:EAL,,london-borough-of-ealing-local-plan-2024-reg-19-public-consultation-end
2017-04-19,east-lindsey-district-council-local-plan-2016,,,submit-plan-for-examination,2024-11-11,,,local-authority:ELI,,east-lindsey-district-council-local-plan-2016-submit-plan-for-examination
2018-11-20,london-borough-of-islington-local-plan-2020,,,reg-18-public-consultation-start,2024-11-11,,,local-authority:ISL,,london-borough-of-islington-local-plan-2020-reg-18-public-consultation-start
2019-09-05,london-borough-of-islington-local-plan-2020,,,reg-19-public-consultation-start,2024-11-11,,,local-authority:ISL,,london-borough-of-islington-local-plan-2020-reg-19-public-consultation-start
2019-10-18,london-borough-of-islington-local-plan-2020,,,reg-19-public-consultation-end,2024-11-11,,,local-authority:ISL,,london-borough-of-islington-local-plan-2020-reg-19-public-consultation-end
2020-02,london-borough-of-islington-local-plan-2020,,,submit-plan-for-examination,2024-11-11,,,local-authority:ISL,,london-borough-of-islington-local-plan-2020-submit-plan-for-examination
2021-09,london-borough-of-islington-local-plan-2020,,,planning-inspectorate-examination-start,2024-11-11,,,local-authority:ISL,,london-borough-of-islington-local-plan-2020-planning-inspectorate-examination-start
2021-10,london-borough-of-islington-local-plan-2020,,,planning-inspectorate-examination-end,2024-11-11,,,local-authority:ISL,,london-borough-of-islington-local-plan-2020-planning-inspectorate-examination-end
2021-01-15,london-borough-of-lewisham-local-plan-2023,,,reg-18-draft-local-plan-published,2024-11-11,,,local-authority:LEW,,london-borough-of-lewisham-local-plan-2023-reg-18-draft-local-plan-published
2015-10,london-borough-of-lewisham-local-plan-2023,,,reg-18-public-consultation-start,2024-11-11,,,local-authority:LEW,,london-borough-of-lewisham-local-plan-2023-reg-18-public-consultation-start
2015-11,london-borough-of-lewisham-local-plan-2023,,,reg-18-public-consultation-end,2024-11-11,,,local-authority:LEW,,london-borough-of-lewisham-local-plan-2023-reg-18-public-consultation-end
2021-01-15,london-borough-of-lewisham-local-plan-2023,,,reg-18-public-consultation-start,2024-11-11,,,local-authority:LEW,,london-borough-of-lewisham-local-plan-2023-reg-18-public-consultation-start
2021-04-11,london-borough-of-lewisham-local-plan-2023,,,reg-18-public-consultation-end,2024-11-11,,,local-authority:LEW,,london-borough-of-lewisham-local-plan-2023-reg-18-public-consultation-end
2023-03-01,london-borough-of-lewisham-local-plan-2023,,,reg-19-public-consultation-start,2024-11-11,,,local-authority:LEW,,london-borough-of-lewisham-local-plan-2023-reg-19-public-consultation-start
2023-04-25,london-borough-of-lewisham-local-plan-2023,,,reg-19-public-consultation-end,2024-11-11,,,local-authority:LEW,,london-borough-of-lewisham-local-plan-2023-reg-19-public-consultation-end
2023-11-03,london-borough-of-lewisham-local-plan-2023,,,submit-plan-for-examination,2024-11-11,,,local-authority:LEW,,london-borough-of-lewisham-local-plan-2023-submit-plan-for-examination
2023-11-03,tandridge-district-council-local-plan,,,estimated-reg-18-draft-local-plan-published,2024-11-11,,,local-authority:TAN,,tandridge-district-council-local-plan-estimated-reg-18-draft-local-plan-published
2023-11-03,tandridge-district-council-local-plan,,,estimated-reg-19-publication-local-plan-published,2024-11-11,,,local-authority:TAN,,tandridge-district-council-local-plan-estimated-reg-19-publication-local-plan-published
2023-11-03,tandridge-district-council-local-plan,,,estimated-submit-plan-for-examination,2024-11-11,,,local-authority:TAN,,tandridge-district-council-local-plan-estimated-submit-plan-for-examination
2023-09,thurrock-council-local-plan-2025,,,timetable-published,2024-11-11,,,local-authority:THR,,thurrock-council-local-plan-2025-timetable-published
2023-12,thurrock-council-local-plan-2025,,,estimated-reg-18-draft-local-plan-published,2024-11-11,,,local-authority:THR,,thurrock-council-local-plan-2025-estimated-reg-18-draft-local-plan-published
2023-12,thurrock-council-local-plan-2025,,,estimated-reg-18-public-consultation-end,2024-11-11,,,local-authority:THR,,thurrock-council-local-plan-2025-estimated-reg-18-public-consultation-end
2023-12,thurrock-council-local-plan-2025,,,estimated-reg-18-public-consultation-start,2024-11-11,,,local-authority:THR,,thurrock-council-local-plan-2025-estimated-reg-18-public-consultation-start
2024-09,thurrock-council-local-plan-2025,,,estimated-reg-19-public-consultation-start,2024-11-11,,,local-authority:THR,,thurrock-council-local-plan-2025-estimated-reg-19-public-consultation-start
2024-09,thurrock-council-local-plan-2025,,,estimated-reg-19-public-consultation-end,2024-11-11,,,local-authority:THR,,thurrock-council-local-plan-2025-estimated-reg-19-public-consultation-end
2024-09,thurrock-council-local-plan-2025,,,estimated-reg-19-publication-local-plan-published,2024-11-11,,,local-authority:THR,,thurrock-council-local-plan-2025-estimated-reg-19-publication-local-plan-published
2025-03,thurrock-council-local-plan-2025,,,estimated-submit-plan-for-examination,2024-11-11,,,local-authority:THR,,thurrock-council-local-plan-2025-estimated-submit-plan-for-examination
2026-07,thurrock-council-local-plan-2025,,,estimated-plan-adoption-date,2024-11-11,,,local-authority:THR,,thurrock-council-local-plan-2025-estimated-plan-adoption-date
2016-04-06,basingstoke-and-deane-borough-council-local-plan-2011,,,inspector-report-published,2024-11-25,,,local-authority:BAN,,basingstoke-and-deane-borough-council-local-plan-2011-inspector-report-published
2022-10,canterbury-city-council-local-plan-2020,Draft Canterbury District Local Plan,,reg-18-public-consultation-start,2024-11-25,,,local-authority:CAT,,canterbury-city-council-local-plan-2020-reg-18-public-consultation-start
2023-01,canterbury-city-council-local-plan-2020,Draft Canterbury District Local Plan,,reg-18-public-consultation-end,2024-11-25,,,local-authority:CAT,,canterbury-city-council-local-plan-2020-reg-18-public-consultation-end
2023-12-04,ashfield-district-council-local-plan-2023,,,estimated-reg-19-public-consultation-start,2024-11-25,,,local-authority:ASH,,ashfield-district-council-local-plan-2023-estimated-reg-19-public-consultation-start
2024-01-29,ashfield-district-council-local-plan-2023,,,estimated-reg-19-public-consultation-end,2024-11-25,,,local-authority:ASH,,ashfield-district-council-local-plan-2023-estimated-reg-19-public-consultation-end
2023-11,ashfield-district-council-local-plan-2023,,,estimated-reg-19-publication-local-plan-published,2024-11-25,,,local-authority:ASH,,ashfield-district-council-local-plan-2023-estimated-reg-19-publication-local-plan-published
2025-03,harborough-district-council-local-plan-2020,,,estimated-reg-18-public-consultation-end,2024-11-25,,,local-authority:HAO,,harborough-district-council-local-plan-2020-estimated-reg-18-public-consultation-end
2025-01,harborough-district-council-local-plan-2020,,,estimated-reg-18-public-consultation-start,2024-11-25,,,local-authority:HAO,,harborough-district-council-local-plan-2020-estimated-reg-18-public-consultation-start
2020-02-10,hart-district-council-local-plan-2014,,,inspector-report-published,2024-11-25,,,local-authority:HAT,,hart-district-council-local-plan-2014-inspector-report-published
2022-06-15,bedford-borough-council-local-plan-2020,,,reg-19-publication-local-plan-published,2024-11-25,,,local-authority:BDF,,bedford-borough-council-local-plan-2020-reg-19-publication-local-plan-published
2022-06-15,bedford-borough-council-local-plan-2020,,,reg-19-public-consultation-start,2024-11-25,,,local-authority:BDF,,bedford-borough-council-local-plan-2020-reg-19-public-consultation-start
2022-07-29,bedford-borough-council-local-plan-2020,,,reg-19-public-consultation-end,2024-11-25,,,local-authority:BDF,,bedford-borough-council-local-plan-2020-reg-19-public-consultation-end
2024-07-29,amber-valley-borough-council-local-plan-2022,,,submit-plan-for-examination,2024-11-25,,,local-authority:AMB,,amber-valley-borough-council-local-plan-2022-submit-plan-for-examination
2021-06-18,fareham-borough-council-local-plan-2021,,,reg-19-public-consultation-start,2024-11-25,,,local-authority:FAR,,fareham-borough-council-local-plan-2021-reg-19-public-consultation-start
2021-07-30,fareham-borough-council-local-plan-2021,,,reg-19-public-consultation-end,2024-11-25,,,local-authority:FAR,,fareham-borough-council-local-plan-2021-reg-19-public-consultation-end
2021-09-30,fareham-borough-council-local-plan-2021,,,submit-plan-for-examination,2024-11-25,,,local-authority:FAR,,fareham-borough-council-local-plan-2021-submit-plan-for-examination
2021-09-30,fareham-borough-council-local-plan-2021,,,planning-inspectorate-examination-start,2024-11-25,,,local-authority:FAR,,fareham-borough-council-local-plan-2021-planning-inspectorate-examination-start
2020-11-06,fareham-borough-council-local-plan-2021,,,reg-19-public-consultation-start,2024-11-25,,,local-authority:FAR,,fareham-borough-council-local-plan-2021-reg-19-public-consultation-start
2020-12-18,fareham-borough-council-local-plan-2021,,,reg-19-public-consultation-end,2024-11-25,,,local-authority:FAR,,fareham-borough-council-local-plan-2021-reg-19-public-consultation-end
2026,cambridge-city-council-local-plan-2020,Summer/Autumn 2026,,estimated-reg-19-publication-local-plan-published,2024-11-25,,,local-authority:CAB,,cambridge-city-council-local-plan-2020-estimated-reg-19-publication-local-plan-published
2025,cambridge-city-council-local-plan-2020,Autumn/Winter 2025,,estimated-reg-18-draft-local-plan-published,2024-11-25,,,local-authority:CAB,,cambridge-city-council-local-plan-2020-estimated-reg-18-draft-local-plan-published
2026-12,cambridge-city-council-local-plan-2020,,,estimated-submit-plan-for-examination,2024-11-25,,,local-authority:CAB,,cambridge-city-council-local-plan-2020-estimated-submit-plan-for-examination
2019,fareham-borough-council-local-plan-2021,6 weeks summer 2019 - Issues and Options,,reg-18-public-consultation-start,2024-11-25,,,local-authority:FAR,,fareham-borough-council-local-plan-2021-reg-18-public-consultation-start
2019,fareham-borough-council-local-plan-2021,6 weeks summer 2019 - Issues and Options,,reg-18-public-consultation-end,2024-11-25,,,local-authority:FAR,,fareham-borough-council-local-plan-2021-reg-18-public-consultation-end
2019-10,fenland-district-council-local-plan-2021,Issues and Option Consultation,,reg-18-draft-local-plan-published,2024-11-25,,,local-authority:FEN,,fenland-district-council-local-plan-2021-reg-18-draft-local-plan-published
2019-10,fenland-district-council-local-plan-2021,Issues and Option Consultation,,reg-18-public-consultation-start,2024-11-25,,,local-authority:FEN,,fenland-district-council-local-plan-2021-reg-18-public-consultation-start
2019-10,fenland-district-council-local-plan-2021,Issues and Option Consultation,,reg-18-public-consultation-end,2024-11-25,,,local-authority:FEN,,fenland-district-council-local-plan-2021-reg-18-public-consultation-end
2023-04,fenland-district-council-local-plan-2021,,,submit-plan-for-examination,2024-11-25,,,local-authority:FEN,,fenland-district-council-local-plan-2021-submit-plan-for-examination
2020-06,fenland-district-council-local-plan-2021,Draft Local Plan Consultation,,reg-18-public-consultation-start,2024-11-25,,,local-authority:FEN,,fenland-district-council-local-plan-2021-reg-18-public-consultation-start
2020-07,fenland-district-council-local-plan-2021,Draft Local Plan Consultation,,reg-18-public-consultation-end,2024-11-25,,,local-authority:FEN,,fenland-district-council-local-plan-2021-reg-18-public-consultation-end
2023-01,fenland-district-council-local-plan-2021,"2 Pre-submission Publication ",,reg-19-public-consultation-start,2024-11-25,,,local-authority:FEN,,fenland-district-council-local-plan-2021-reg-19-public-consultation-start
2023-01,fenland-district-council-local-plan-2021,"2 Pre-submission Publication ",,reg-19-public-consultation-end,2024-11-25,,,local-authority:FEN,,fenland-district-council-local-plan-2021-reg-19-public-consultation-end
2016-08,barnsley-metropolitan-borough-council-local-plan-2014,,,reg-19-publication-local-plan-published,2024-11-25,,,local-authority:BNS,,barnsley-metropolitan-borough-council-local-plan-2014-reg-19-publication-local-plan-published
2016-08,barnsley-metropolitan-borough-council-local-plan-2014,,,reg-19-public-consultation-start,2024-11-25,,,local-authority:BNS,,barnsley-metropolitan-borough-council-local-plan-2014-reg-19-public-consultation-start
2016-12-20,barnsley-metropolitan-borough-council-local-plan-2014,,,submit-plan-for-examination,2024-11-25,,,local-authority:BNS,,barnsley-metropolitan-borough-council-local-plan-2014-submit-plan-for-examination
2018-12-14,barnsley-metropolitan-borough-council-local-plan-2014,,,inspector-report-published,2024-11-25,,,local-authority:BNS,,barnsley-metropolitan-borough-council-local-plan-2014-inspector-report-published
2013-08-29,east-cambridgeshire-district-council-local-plan-2022,,,estimated-submit-plan-for-examination,2024-11-25,,,local-authority:ECA,,east-cambridgeshire-district-council-local-plan-2022-estimated-submit-plan-for-examination
2023-10-19,east-cambridgeshire-district-council-local-plan-2022,,,estimated-plan-adoption-date,2024-11-25,,,local-authority:ECA,,east-cambridgeshire-district-council-local-plan-2022-estimated-plan-adoption-date
2023-10-05,east-cambridgeshire-district-council-local-plan-2022,,,inspector-report-published,2024-11-25,,,local-authority:ECA,,east-cambridgeshire-district-council-local-plan-2022-inspector-report-published
2019-05,cannock-chase-district-council-local-plan-2018,,,estimated-reg-18-draft-local-plan-published,2024-11-25,,,local-authority:CAN,,cannock-chase-district-council-local-plan-2018-estimated-reg-18-draft-local-plan-published
2019-07,cannock-chase-district-council-local-plan-2018,,,estimated-reg-18-public-consultation-end,2024-11-25,,,local-authority:CAN,,cannock-chase-district-council-local-plan-2018-estimated-reg-18-public-consultation-end
2019-05,cannock-chase-district-council-local-plan-2018,,,estimated-reg-18-public-consultation-start,2024-11-25,,,local-authority:CAN,,cannock-chase-district-council-local-plan-2018-estimated-reg-18-public-consultation-start
2023,cannock-chase-district-council-local-plan-2018,Winter 2023/24,,estimated-reg-19-publication-local-plan-published,2024-11-25,,,local-authority:CAN,,cannock-chase-district-council-local-plan-2018-estimated-reg-19-publication-local-plan-published
2024,cannock-chase-district-council-local-plan-2018,,,estimated-submit-plan-for-examination,2024-11-25,,,local-authority:CAN,,cannock-chase-district-council-local-plan-2018-estimated-submit-plan-for-examination
2025,cannock-chase-district-council-local-plan-2018,,,estimated-plan-adoption-date,2024-11-25,,,local-authority:CAN,,cannock-chase-district-council-local-plan-2018-estimated-plan-adoption-date
2023-12,cannock-chase-district-council-local-plan-2018,,,reg-19-publication-local-plan-published,2024-11-25,,,local-authority:CAN,,cannock-chase-district-council-local-plan-2018-reg-19-publication-local-plan-published
2024-02-05,cannock-chase-district-council-local-plan-2018,,,reg-19-public-consultation-start,2024-11-25,,,local-authority:CAN,,cannock-chase-district-council-local-plan-2018-reg-19-public-consultation-start
2024-03-18,cannock-chase-district-council-local-plan-2018,,,reg-19-public-consultation-end,2024-11-25,,,local-authority:CAN,,cannock-chase-district-council-local-plan-2018-reg-19-public-consultation-end
2019-05,cannock-chase-district-council-local-plan-2018,Issues and Options Consultation,,reg-18-draft-local-plan-published,2024-11-25,,,local-authority:CAN,,cannock-chase-district-council-local-plan-2018-reg-18-draft-local-plan-published
2019-05-13,cannock-chase-district-council-local-plan-2018,Issues and Options Consultation,,reg-18-public-consultation-start,2024-11-25,,,local-authority:CAN,,cannock-chase-district-council-local-plan-2018-reg-18-public-consultation-start
2019-07-09,cannock-chase-district-council-local-plan-2018,Issues and Options Consultation,,reg-18-public-consultation-end,2024-11-25,,,local-authority:CAN,,cannock-chase-district-council-local-plan-2018-reg-18-public-consultation-end
2023-06-27,basildon-borough-council-local-plan,,,reg-18-public-consultation-start,2024-11-25,,,local-authority:BAI,,basildon-borough-council-local-plan-reg-18-public-consultation-start
2023-09-05,basildon-borough-council-local-plan,,,reg-18-public-consultation-end,2024-11-25,,,local-authority:BAI,,basildon-borough-council-local-plan-reg-18-public-consultation-end
2024-12,basildon-borough-council-local-plan,,,estimated-reg-18-public-consultation-start,2024-11-25,,,local-authority:BAI,,basildon-borough-council-local-plan-estimated-reg-18-public-consultation-start
2025-03,basildon-borough-council-local-plan,,,estimated-reg-19-public-consultation-start,2024-11-25,,,local-authority:BAI,,basildon-borough-council-local-plan-estimated-reg-19-public-consultation-start
2025-06,basildon-borough-council-local-plan,,,estimated-submit-plan-for-examination,2024-11-25,,,local-authority:BAI,,basildon-borough-council-local-plan-estimated-submit-plan-for-examination
2026-06,basildon-borough-council-local-plan,,,estimated-plan-adoption-date,2024-11-25,,,local-authority:BAI,,basildon-borough-council-local-plan-estimated-plan-adoption-date
2026-02,canterbury-city-council-local-plan-2020,,,estimated-submit-plan-for-examination,2024-11-25,,,local-authority:CAT,,canterbury-city-council-local-plan-2020-estimated-submit-plan-for-examination
2027-03,canterbury-city-council-local-plan-2020,,,estimated-plan-adoption-date,2024-11-25,,,local-authority:CAT,,canterbury-city-council-local-plan-2020-estimated-plan-adoption-date
2016-04-06,basingstoke-and-deane-borough-council-local-plan-2011,,,planning-inspectorate-examination-end,2024-11-25,,,local-authority:BAN,,basingstoke-and-deane-borough-council-local-plan-2011-planning-inspectorate-examination-end
2020-09-28,basingstoke-and-deane-borough-council-local-plan-2021,Issues and Options,,reg-18-draft-local-plan-published,2024-11-25,,,local-authority:BAN,,basingstoke-and-deane-borough-council-local-plan-2021-reg-18-draft-local-plan-published
2020-09-28,basingstoke-and-deane-borough-council-local-plan-2021,Issues and Options,,reg-18-public-consultation-start,2024-11-25,,,local-authority:BAN,,basingstoke-and-deane-borough-council-local-plan-2021-reg-18-public-consultation-start
2020-11-09,basingstoke-and-deane-borough-council-local-plan-2021,Issues and Options,,reg-18-public-consultation-end,2024-11-25,,,local-authority:BAN,,basingstoke-and-deane-borough-council-local-plan-2021-reg-18-public-consultation-end
2024-03,canterbury-city-council-local-plan-2020,Draft Canterbury Local Plan Consultation,,reg-18-draft-local-plan-published,2024-11-25,,,local-authority:CAT,,canterbury-city-council-local-plan-2020-reg-18-draft-local-plan-published
2024-03,canterbury-city-council-local-plan-2020,Draft Canterbury Local Plan Consultation,,reg-18-public-consultation-start,2024-11-25,,,local-authority:CAT,,canterbury-city-council-local-plan-2020-reg-18-public-consultation-start
2024-06-03,canterbury-city-council-local-plan-2020,Draft Canterbury Local Plan Consultation,,reg-18-public-consultation-end,2024-11-25,,,local-authority:CAT,,canterbury-city-council-local-plan-2020-reg-18-public-consultation-end
2024-01-22,basingstoke-and-deane-borough-council-local-plan-2021,,,reg-18-public-consultation-start,2024-11-25,,,local-authority:BAN,,basingstoke-and-deane-borough-council-local-plan-2021-reg-18-public-consultation-start
2024-03-04,basingstoke-and-deane-borough-council-local-plan-2021,,,reg-18-public-consultation-end,2024-11-25,,,local-authority:BAN,,basingstoke-and-deane-borough-council-local-plan-2021-reg-18-public-consultation-end
2024,basingstoke-and-deane-borough-council-local-plan-2021,Winter 2024/2025,,estimated-reg-19-publication-local-plan-published,2024-11-25,,,local-authority:BAN,,basingstoke-and-deane-borough-council-local-plan-2021-estimated-reg-19-publication-local-plan-published
2025,east-devon-district-council-local-plan-2020,,,estimated-submit-plan-for-examination,2024-11-25,,,local-authority:EDE,,east-devon-district-council-local-plan-2020-estimated-submit-plan-for-examination
2026,east-devon-district-council-local-plan-2020,,,estimated-plan-adoption-date,2024-11-25,,,local-authority:EDE,,east-devon-district-council-local-plan-2020-estimated-plan-adoption-date
2025-03,basingstoke-and-deane-borough-council-local-plan-2021,,,estimated-submit-plan-for-examination,2024-11-25,,,local-authority:BAN,,basingstoke-and-deane-borough-council-local-plan-2021-estimated-submit-plan-for-examination
2025-12,basingstoke-and-deane-borough-council-local-plan-2021,,,estimated-plan-adoption-date,2024-11-25,,,local-authority:BAN,,basingstoke-and-deane-borough-council-local-plan-2021-estimated-plan-adoption-date
2021-10,ashfield-district-council-local-plan-2023,,,estimated-reg-18-draft-local-plan-published,2024-11-25,,,local-authority:ASH,,ashfield-district-council-local-plan-2023-estimated-reg-18-draft-local-plan-published
2021-11-16,ashfield-district-council-local-plan-2023,,,estimated-reg-18-public-consultation-end,2024-11-25,,,local-authority:ASH,,ashfield-district-council-local-plan-2023-estimated-reg-18-public-consultation-end
2021-10-04,ashfield-district-council-local-plan-2023,,,estimated-reg-18-public-consultation-start,2024-11-25,,,local-authority:ASH,,ashfield-district-council-local-plan-2023-estimated-reg-18-public-consultation-start
2024-06,east-hampshire-district-council-local-plan-2021,,,estimated-reg-18-public-consultation-end,2024-11-25,,,local-authority:EHA,,east-hampshire-district-council-local-plan-2021-estimated-reg-18-public-consultation-end
2024-01,east-hampshire-district-council-local-plan-2021,,,estimated-reg-18-public-consultation-start,2024-11-25,,,local-authority:EHA,,east-hampshire-district-council-local-plan-2021-estimated-reg-18-public-consultation-start
2024-07,east-hampshire-district-council-local-plan-2021,,,estimated-reg-19-public-consultation-start,2024-11-25,,,local-authority:EHA,,east-hampshire-district-council-local-plan-2021-estimated-reg-19-public-consultation-start
2024-11,east-hampshire-district-council-local-plan-2021,,,estimated-reg-19-public-consultation-end,2024-11-25,,,local-authority:EHA,,east-hampshire-district-council-local-plan-2021-estimated-reg-19-public-consultation-end
2025-12,east-hampshire-district-council-local-plan-2021,,,estimated-submit-plan-for-examination,2024-11-25,,,local-authority:EHA,,east-hampshire-district-council-local-plan-2021-estimated-submit-plan-for-examination
2026-09,east-hampshire-district-council-local-plan-2021,,,estimated-plan-adoption-date,2024-11-25,,,local-authority:EHA,,east-hampshire-district-council-local-plan-2021-estimated-plan-adoption-date
2024-05,ashfield-district-council-local-plan-2023,,,estimated-submit-plan-for-examination,2024-11-25,,,local-authority:ASH,,ashfield-district-council-local-plan-2023-estimated-submit-plan-for-examination
2025-04,ashfield-district-council-local-plan-2023,,,estimated-plan-adoption-date,2024-11-25,,,local-authority:ASH,,ashfield-district-council-local-plan-2023-estimated-plan-adoption-date
2021-10,ashfield-district-council-local-plan-2023,,,reg-18-draft-local-plan-published,2024-11-25,,,local-authority:ASH,,ashfield-district-council-local-plan-2023-reg-18-draft-local-plan-published
2021-10-04,ashfield-district-council-local-plan-2023,,,reg-18-public-consultation-start,2024-11-25,,,local-authority:ASH,,ashfield-district-council-local-plan-2023-reg-18-public-consultation-start
2021-11-16,ashfield-district-council-local-plan-2023,,,reg-18-public-consultation-end,2024-11-25,,,local-authority:ASH,,ashfield-district-council-local-plan-2023-reg-18-public-consultation-end
2024-05-08,great-yarmouth-borough-council-local-plan-2024,Issues and options,,estimated-reg-18-public-consultation-end,2024-11-25,,,local-authority:GRY,,great-yarmouth-borough-council-local-plan-2024-estimated-reg-18-public-consultation-end
2024-03-13,great-yarmouth-borough-council-local-plan-2024,Issues and options,,estimated-reg-18-public-consultation-start,2024-11-25,,,local-authority:GRY,,great-yarmouth-borough-council-local-plan-2024-estimated-reg-18-public-consultation-start
2024-07,castle-point-borough-council-local-plan-2023,Issues & Options,,reg-18-draft-local-plan-published,2024-11-25,,,local-authority:CAS,,castle-point-borough-council-local-plan-2023-reg-18-draft-local-plan-published
2024-07-22,castle-point-borough-council-local-plan-2023,Issues & Options,,reg-18-public-consultation-start,2024-11-25,,,local-authority:CAS,,castle-point-borough-council-local-plan-2023-reg-18-public-consultation-start
2024-09-16,castle-point-borough-council-local-plan-2023,Issues & Options,,reg-18-public-consultation-end,2024-11-25,,,local-authority:CAS,,castle-point-borough-council-local-plan-2023-reg-18-public-consultation-end
2025,great-yarmouth-borough-council-local-plan-2024,,,estimated-submit-plan-for-examination,2024-11-25,,,local-authority:GRY,,great-yarmouth-borough-council-local-plan-2024-estimated-submit-plan-for-examination
2026,great-yarmouth-borough-council-local-plan-2024,,,estimated-plan-adoption-date,2024-11-25,,,local-authority:GRY,,great-yarmouth-borough-council-local-plan-2024-estimated-plan-adoption-date
2024-08,castle-point-borough-council-local-plan-2023,Issues & Options,,estimated-reg-18-public-consultation-end,2024-11-25,,,local-authority:CAS,,castle-point-borough-council-local-plan-2023-estimated-reg-18-public-consultation-end
2024-06,castle-point-borough-council-local-plan-2023,Issues & Options,,estimated-reg-18-public-consultation-start,2024-11-25,,,local-authority:CAS,,castle-point-borough-council-local-plan-2023-estimated-reg-18-public-consultation-start
2023-11,ashfield-district-council-local-plan-2023,,,reg-19-publication-local-plan-published,2024-11-25,,,local-authority:ASH,,ashfield-district-council-local-plan-2023-reg-19-publication-local-plan-published
2023-12-04,ashfield-district-council-local-plan-2023,,,reg-19-public-consultation-start,2024-11-25,,,local-authority:ASH,,ashfield-district-council-local-plan-2023-reg-19-public-consultation-start
2024-01-29,ashfield-district-council-local-plan-2023,,,reg-19-public-consultation-end,2024-11-25,,,local-authority:ASH,,ashfield-district-council-local-plan-2023-reg-19-public-consultation-end
2025-01,castle-point-borough-council-local-plan-2023,,,estimated-reg-19-public-consultation-start,2024-11-25,,,local-authority:CAS,,castle-point-borough-council-local-plan-2023-estimated-reg-19-public-consultation-start
2025-03,castle-point-borough-council-local-plan-2023,,,estimated-reg-19-public-consultation-end,2024-11-25,,,local-authority:CAS,,castle-point-borough-council-local-plan-2023-estimated-reg-19-public-consultation-end
2025-01,castle-point-borough-council-local-plan-2023,,,estimated-reg-19-publication-local-plan-published,2024-11-25,,,local-authority:CAS,,castle-point-borough-council-local-plan-2023-estimated-reg-19-publication-local-plan-published
2025-04,castle-point-borough-council-local-plan-2023,,,estimated-submit-plan-for-examination,2024-11-25,,,local-authority:CAS,,castle-point-borough-council-local-plan-2023-estimated-submit-plan-for-examination
2026-03,castle-point-borough-council-local-plan-2023,,,estimated-plan-adoption-date,2024-11-25,,,local-authority:CAS,,castle-point-borough-council-local-plan-2023-estimated-plan-adoption-date
2018-06-18,hart-district-council-local-plan-2014,,,submit-plan-for-examination,2024-11-25,,,local-authority:HAT,,hart-district-council-local-plan-2014-submit-plan-for-examination
2018-11-20,hart-district-council-local-plan-2014,,,planning-inspectorate-examination-start,2024-11-25,,,local-authority:HAT,,hart-district-council-local-plan-2014-planning-inspectorate-examination-start
2018-12-18,hart-district-council-local-plan-2014,,,planning-inspectorate-examination-end,2024-11-25,,,local-authority:HAT,,hart-district-council-local-plan-2014-planning-inspectorate-examination-end
2020-07-14,bedford-borough-council-local-plan-2020,Issues and Options,,reg-18-draft-local-plan-published,2024-11-25,,,local-authority:BDF,,bedford-borough-council-local-plan-2020-reg-18-draft-local-plan-published
2020-07-14,bedford-borough-council-local-plan-2020,Issues and Options,,reg-18-public-consultation-start,2024-11-25,,,local-authority:BDF,,bedford-borough-council-local-plan-2020-reg-18-public-consultation-start
2020-09-04,bedford-borough-council-local-plan-2020,Issues and Options,,reg-18-public-consultation-end,2024-11-25,,,local-authority:BDF,,bedford-borough-council-local-plan-2020-reg-18-public-consultation-end
2020-03-02,hastings-borough-council-local-plan-2019,,,estimated-reg-18-draft-local-plan-published,2024-11-25,,,local-authority:HAS,,hastings-borough-council-local-plan-2019-estimated-reg-18-draft-local-plan-published
2025-04,hastings-borough-council-local-plan-2019,,,estimated-reg-19-public-consultation-start,2024-11-25,,,local-authority:HAS,,hastings-borough-council-local-plan-2019-estimated-reg-19-public-consultation-start
2024-02-16,amber-valley-borough-council-local-plan-2022,"legal compliance, soundness and meeting the duty to cooperate",,reg-19-public-consultation-start,2024-11-25,,,local-authority:AMB,,amber-valley-borough-council-local-plan-2022-reg-19-public-consultation-start
2024-05-01,amber-valley-borough-council-local-plan-2022,"legal compliance, soundness and meeting the duty to cooperate",,reg-19-public-consultation-end,2024-11-25,,,local-authority:AMB,,amber-valley-borough-council-local-plan-2022-reg-19-public-consultation-end
2026-02,central-bedfordshire-council-local-plan,Draft Local Plan Formal Consultation,,estimated-reg-18-draft-local-plan-published,2024-11-25,,,local-authority:CBF,,central-bedfordshire-council-local-plan-estimated-reg-18-draft-local-plan-published
2026-04,central-bedfordshire-council-local-plan,Draft Local Plan Formal Consultation,,estimated-reg-18-public-consultation-end,2024-11-25,,,local-authority:CBF,,central-bedfordshire-council-local-plan-estimated-reg-18-public-consultation-end
2026-02,central-bedfordshire-council-local-plan,Draft Local Plan Formal Consultation,,estimated-reg-18-public-consultation-start,2024-11-25,,,local-authority:CBF,,central-bedfordshire-council-local-plan-estimated-reg-18-public-consultation-start
2027-10,central-bedfordshire-council-local-plan,Publication of the proposed submission (Pre-Submission) plan for representations,,estimated-reg-19-public-consultation-start,2024-11-25,,,local-authority:CBF,,central-bedfordshire-council-local-plan-estimated-reg-19-public-consultation-start
2027-09,central-bedfordshire-council-local-plan,Publication of the proposed submission (Pre-Submission) plan for representations,,estimated-reg-19-publication-local-plan-published,2024-11-25,,,local-authority:CBF,,central-bedfordshire-council-local-plan-estimated-reg-19-publication-local-plan-published
2028-02,central-bedfordshire-council-local-plan,,,estimated-submit-plan-for-examination,2024-11-25,,,local-authority:CBF,,central-bedfordshire-council-local-plan-estimated-submit-plan-for-examination
2028-12,central-bedfordshire-council-local-plan,,,estimated-plan-adoption-date,2024-11-25,,,local-authority:CBF,,central-bedfordshire-council-local-plan-estimated-plan-adoption-date
2021-06-29,bedford-borough-council-local-plan-2020,,,reg-18-public-consultation-start,2024-11-25,,,local-authority:BDF,,bedford-borough-council-local-plan-2020-reg-18-public-consultation-start
2021-09-03,bedford-borough-council-local-plan-2020,,,reg-18-public-consultation-end,2024-11-25,,,local-authority:BDF,,bedford-borough-council-local-plan-2020-reg-18-public-consultation-end
2023-01-12,bedford-borough-council-local-plan-2020,,,submit-plan-for-examination,2024-11-25,,,local-authority:BDF,,bedford-borough-council-local-plan-2020-submit-plan-for-examination
2018-12-05,bedford-borough-council-local-plan-2030,,,submit-plan-for-examination,2024-11-25,,,local-authority:BDF,,bedford-borough-council-local-plan-2030-submit-plan-for-examination
2024-06,bath-and-north-east-somerset-council-local-plan-2022,,,estimated-reg-18-draft-local-plan-published,2024-11-25,,,local-authority:BAS,,bath-and-north-east-somerset-council-local-plan-2022-estimated-reg-18-draft-local-plan-published
2024-08,bath-and-north-east-somerset-council-local-plan-2022,,,estimated-reg-18-public-consultation-end,2024-11-25,,,local-authority:BAS,,bath-and-north-east-somerset-council-local-plan-2022-estimated-reg-18-public-consultation-end
2024-06,bath-and-north-east-somerset-council-local-plan-2022,,,estimated-reg-18-public-consultation-start,2024-11-25,,,local-authority:BAS,,bath-and-north-east-somerset-council-local-plan-2022-estimated-reg-18-public-consultation-start
2024-07,birmingham-city-council-local-plan-2026,Preferred options,,reg-18-public-consultation-start,2024-11-25,,,local-authority:BIR,,birmingham-city-council-local-plan-2026-reg-18-public-consultation-start
2024-08,birmingham-city-council-local-plan-2026,Preferred options,,reg-18-public-consultation-end,2024-11-25,,,local-authority:BIR,,birmingham-city-council-local-plan-2026-reg-18-public-consultation-end
2024-11,bath-and-north-east-somerset-council-local-plan-2022,,,estimated-submit-plan-for-examination,2024-11-25,,,local-authority:BAS,,bath-and-north-east-somerset-council-local-plan-2022-estimated-submit-plan-for-examination
2025-09,bath-and-north-east-somerset-council-local-plan-2022,,,estimated-plan-adoption-date,2024-11-25,,,local-authority:BAS,,bath-and-north-east-somerset-council-local-plan-2022-estimated-plan-adoption-date
2025-02,birmingham-city-council-local-plan-2026,,,reg-19-public-consultation-start,2024-11-25,,,local-authority:BIR,,birmingham-city-council-local-plan-2026-reg-19-public-consultation-start
2025-06,birmingham-city-council-local-plan-2026,,,submit-plan-for-examination,2024-11-25,,,local-authority:BIR,,birmingham-city-council-local-plan-2026-submit-plan-for-examination
2025-09,birmingham-city-council-local-plan-2026,,,planning-inspectorate-examination-start,2024-11-25,,,local-authority:BIR,,birmingham-city-council-local-plan-2026-planning-inspectorate-examination-start
2026-09,birmingham-city-council-local-plan-2026,,,inspector-report-published,2024-11-25,,,local-authority:BIR,,birmingham-city-council-local-plan-2026-inspector-report-published
2026-09,birmingham-city-council-local-plan-2026,,,planning-inspectorate-found-sound,2024-11-25,,,local-authority:BIR,,birmingham-city-council-local-plan-2026-planning-inspectorate-found-sound
2011-02-03,black-country-core-strategy-2011,,,plan-adopted,2024-12-06,,,government-organisation:D1342,,black-country-core-strategy-2011-plan-adopted
2021-11-17,london-borough-of-havering-local-plan-2016,,,plan-adopted,2024-12-06,,,local-authority:HAV,,london-borough-of-havering-local-plan-2016-plan-adopted
2023-07,east-hampshire-district-council-local-plan-2021,,,timetable-published,2024-12-06,,,local-authority:EHA,,east-hampshire-district-council-local-plan-2021-timetable-published
2020-12-10,harlow-district-council-local-plan-2011,,,plan-adopted,2024-12-06,,,local-authority:HAR,,harlow-district-council-local-plan-2011-plan-adopted
2012-10-25,woking-borough-council-local-plan-2010,,,plan-adopted,2024-12-06,,,local-authority:WOI,,woking-borough-council-local-plan-2010-plan-adopted
2018-10-18,woking-borough-council-local-plan-2010,,,timetable-published,2024-12-06,,,local-authority:WOI,,woking-borough-council-local-plan-2010-timetable-published
2024-10-16,dover-district-council-local-plan-2020,,,plan-adopted,2024-12-06,,,local-authority:DOV,,dover-district-council-local-plan-2020-plan-adopted
2019-05-17,broads-authority-local-plan-2015,,,plan-adopted,2024-12-06,,,national-park-authority:Q4972284,,broads-authority-local-plan-2015-plan-adopted
2019-01-16,london-borough-of-bromley-local-plan-2019,,,plan-adopted,2024-12-06,,,local-authority:BRY,,london-borough-of-bromley-local-plan-2019-plan-adopted
2011-11-09,oldham-metropolitan-borough-council-local-plan-2011,,,plan-adopted,2024-12-06,,,local-authority:OLD,,oldham-metropolitan-borough-council-local-plan-2011-plan-adopted
2012-04-03,london-borough-of-ealing-local-plan-2011,,,plan-adopted,2024-12-06,,,local-authority:EAL,,london-borough-of-ealing-local-plan-2011-plan-adopted
2019-02-01,ashford-borough-council-local-plan-2019,,,plan-adopted,2024-12-06,,,local-authority:ASF,,ashford-borough-council-local-plan-2019-plan-adopted
2013-01-16,hertsmere-borough-council-local-plan-2012,,,plan-adopted,2024-12-06,,,local-authority:HER,,hertsmere-borough-council-local-plan-2012-plan-adopted
2024-09-18,london-borough-of-barking-and-dagenham-local-plan-2020,,,plan-adopted,2024-12-06,,,local-authority:BDG,,london-borough-of-barking-and-dagenham-local-plan-2020-plan-adopted
2017-01-10,birmingham-city-council-local-plan-2026,,,plan-adopted,2024-12-06,,,local-authority:BIR,,birmingham-city-council-local-plan-2026-plan-adopted
2021,london-borough-of-camden-local-plan-2026,,,reg-18-public-consultation-end,2024-11-11,,,local-authority:CMD,,london-borough-of-camden-local-plan-2026-reg-18-public-consultation-end
2022,london-borough-of-camden-local-plan-2026,,,reg-18-public-consultation-start,2024-11-11,,,local-authority:CMD,,london-borough-of-camden-local-plan-2026-reg-18-public-consultation-start
2021-03-31,the-babergh-and-mid-suffolk-joint-local-plan,,,submit-plan-for-examination,2024-11-25,,,government-organisation:D1342,,the-babergh-and-mid-suffolk-joint-local-plan-submit-plan-for-examination
2023-09-19,the-babergh-and-mid-suffolk-joint-local-plan,,,planning-inspectorate-examination-end,2024-11-25,,,government-organisation:D1342,,the-babergh-and-mid-suffolk-joint-local-plan-planning-inspectorate-examination-end
2023-09-19,the-babergh-and-mid-suffolk-joint-local-plan,,,inspector-report-published,2024-11-25,,,government-organisation:D1342,,the-babergh-and-mid-suffolk-joint-local-plan-inspector-report-published
2015-02-24,gateshead-metropolitan-borough-council-local-plan-2010,,,inspector-report-published,2024-11-25,,,government-organisation:D1342,,gateshead-metropolitan-borough-council-local-plan-2010-inspector-report-published
2015-02-24,gateshead-metropolitan-borough-council-local-plan-2010,,,planning-inspectorate-found-sound,2024-11-25,,,government-organisation:D1342,,gateshead-metropolitan-borough-council-local-plan-2010-planning-inspectorate-found-sound
2023-11-20,the-babergh-and-mid-suffolk-joint-local-plan,,,plan-adopted,2024-12-06,,,government-organisation:D1342,,the-babergh-and-mid-suffolk-joint-local-plan-plan-adopted
2015-03-26,gateshead-metropolitan-borough-council-local-plan-2010,,,plan-adopted,2024-12-06,,,government-organisation:D1342,,gateshead-metropolitan-borough-council-local-plan-2010-plan-adopted
2017-11-23,"gloucester,-cheltenham-and-tewkesbury-joint-core-strategy",,,plan-adopted,2024-12-06,,,government-organisation:D1342,,"gloucester,-cheltenham-and-tewkesbury-joint-core-strategy-plan-adopted"
2018-07-18,arun-district-council-local-plan-2011,,,plan-adopted,2024-12-06,,,local-authority:ARU,,arun-district-council-local-plan-2011-plan-adopted
2023-04-05,fareham-borough-council-local-plan-2021,,,plan-adopted,2024-12-06,,,local-authority:FAR,,fareham-borough-council-local-plan-2021-plan-adopted
2013-02-20,eastbourne-borough-council-local-plan-2006,,,plan-adopted,2024-12-06,,,local-authority:EAS,,eastbourne-borough-council-local-plan-2006-plan-adopted
2019-01-03,barnsley-metropolitan-borough-council-local-plan-2014,,,plan-adopted,2024-12-06,,,local-authority:BNS,,barnsley-metropolitan-borough-council-local-plan-2014-plan-adopted
2018-10-18,cambridge-city-council-local-plan-2018,,,plan-adopted,2024-12-06,,,local-authority:CAB,,cambridge-city-council-local-plan-2018-plan-adopted
2017-12-14,adur-district-council-local-plan-2017,,,plan-adopted,2024-12-06,,,local-authority:ADU,,adur-district-council-local-plan-2017-plan-adopted
2023-03-22,calderdale-metropolitan-borough-council-local-plan-2018,,,plan-adopted,2024-12-06,,,local-authority:CLD,,calderdale-metropolitan-borough-council-local-plan-2018-plan-adopted
2023-12-04,warrington-borough-council-local-plan-2021,,,plan-adopted,2024-12-06,,,local-authority:WRT,,warrington-borough-council-local-plan-2021-plan-adopted
2024-04-22,dartford-borough-council-local-plan-2024,,,plan-adopted,2024-12-06,,,local-authority:DAR,,dartford-borough-council-local-plan-2024-plan-adopted
2020-01-30,sunderland-city-council-local-plan-2015,,,plan-adopted,2024-12-06,,,local-authority:SND,,sunderland-city-council-local-plan-2015-plan-adopted
2017-01-10,birmingham-city-council-local-plan-2011,,,plan-adopted,2024-12-06,,,local-authority:BIR,,birmingham-city-council-local-plan-2011-plan-adopted
2021-12-03,dartmoor-national-park-authority-local-plan-2018,,,plan-adopted,2024-12-06,,,national-park-authority:Q5225646,,dartmoor-national-park-authority-local-plan-2018-plan-adopted
2024-03-20,maidstone-borough-council-local-plan-2021,,,plan-adopted,2024-12-06,,,local-authority:MAI,,maidstone-borough-council-local-plan-2021-plan-adopted
2015-04-21,east-cambridgeshire-district-council-local-plan-2011,,,plan-adopted,2024-12-06,,,local-authority:ECA,,east-cambridgeshire-district-council-local-plan-2011-plan-adopted
2017-07-24,london-borough-of-haringey-local-plan-2013,,,plan-adopted,2024-12-06,,,local-authority:HRY,,london-borough-of-haringey-local-plan-2013-plan-adopted
2017-07-13,canterbury-city-council-local-plan-2011,,,plan-adopted,2024-12-06,,,local-authority:CAT,,canterbury-city-council-local-plan-2011-plan-adopted
2017-01-25,derby-city-council-local-plan-2011,,,plan-adopted,2024-12-06,,,local-authority:DER,,derby-city-council-local-plan-2011-plan-adopted
2022-03-02,halton-borough-council-local-plan-2014,,,plan-adopted,2024-12-06,,,local-authority:HAL,,halton-borough-council-local-plan-2014-plan-adopted
2020-03-05,halton-borough-council-local-plan-2014,,,timetable-published,2024-12-06,,,local-authority:HAL,,halton-borough-council-local-plan-2014-timetable-published
2016-05-26,basingstoke-and-deane-borough-council-local-plan-2011,,,plan-adopted,2024-12-06,,,local-authority:BAN,,basingstoke-and-deane-borough-council-local-plan-2011-plan-adopted
2016-04-14,high-peak-borough-council-local-plan-2011,,,plan-adopted,2024-12-06,,,local-authority:HIG,,high-peak-borough-council-local-plan-2011-plan-adopted
2018-02-26,london-borough-of-sutton-local-plan-2016,,,plan-adopted,2024-12-06,,,local-authority:STN,,london-borough-of-sutton-local-plan-2016-plan-adopted
2016-01-28,east-devon-district-council-local-plan-2013,,,plan-adopted,2024-12-06,,,local-authority:EDE,,east-devon-district-council-local-plan-2013-plan-adopted
2017-12-07,derbyshire-dales-district-council-local-plan-2013,,,plan-adopted,2024-12-06,,,local-authority:DEB,,derbyshire-dales-district-council-local-plan-2013-plan-adopted
2023-12-06,east-devon-district-council-local-plan-2020,,,timetable-published,2024-12-06,,,local-authority:EDE,,east-devon-district-council-local-plan-2020-timetable-published
2016-01-28,east-devon-district-council-local-plan-2013,,,plan-adopted,2024-12-06,,,local-authority:EDE,,east-devon-district-council-local-plan-2013-plan-adopted
2023,gloucester-city-council-local-plan-2011,,,plan-adopted,2024-12-06,,,local-authority:GLO,,gloucester-city-council-local-plan-2011-plan-adopted
1998-11-17,castle-point-borough-council-local-plan-1998,,,plan-adopted,2024-12-06,,,local-authority:CAS,,castle-point-borough-council-local-plan-1998-plan-adopted
2024-05-29,bassetlaw-district-council-local-plan-2018,,,plan-adopted,2024-12-06,,,local-authority:BAE,,bassetlaw-district-council-local-plan-2018-plan-adopted
2024-11-20,london-borough-of-merton-local-plan-2024,,,plan-adopted,2024-12-06,,,local-authority:MRT,,london-borough-of-merton-local-plan-2024-plan-adopted
2013-09-25,dacorum-borough-council-local-plan-2006,,,plan-adopted,2024-12-06,,,local-authority:DAC,,dacorum-borough-council-local-plan-2006-plan-adopted
